Team,Sck,Comb,Asst,Solo,year
Steelers,                    48                  ,                    937                  ,                    252                  ,                    629                  ,2010
Packers,                    47                  ,                    877                  ,                    203                  ,                    676                  ,2010
Raiders,                    47                  ,                    867                  ,                    191                  ,                    712                  ,2010
Chargers,                    47                  ,                    840                  ,                    155                  ,                    691                  ,2010
Giants,                    46                  ,                    912                  ,                    217                  ,                    643                  ,2010
Lions,                    44                  ,                    949                  ,                    246                  ,                    743                  ,2010
Rams,                    43                  ,                    861                  ,                    127                  ,                    770                  ,2010
Titans,                    40                  ,                    1136                  ,                    262                  ,                    759                  ,2010
Jets,                    40                  ,                    835                  ,                    181                  ,                    633                  ,2010
Chiefs,                    39                  ,                    922                  ,                    239                  ,                    667                  ,2010
Dolphins,                    39                  ,                    869                  ,                    156                  ,                    739                  ,2010
Eagles,                    39                  ,                    815                  ,                    111                  ,                    758                  ,2010
Seahawks,                    37                  ,                    986                  ,                    233                  ,                    690                  ,2010
Patriots,                    36                  ,                    1046                  ,                    273                  ,                    641                  ,2010
Niners,                    36                  ,                    927                  ,                    170                  ,                    822                  ,2010
Cowboys,                    35                  ,                    877                  ,                    171                  ,                    703                  ,2010
Bears,                    34                  ,                    888                  ,                    172                  ,                    749                  ,2010
Saints,                    33                  ,                    918                  ,                    211                  ,                    673                  ,2010
Cardinals,                    33                  ,                    984                  ,                    173                  ,                    797                  ,2010
Falcons,                    31                  ,                    873                  ,                    179                  ,                    686                  ,2010
Panthers,                    31                  ,                    985                  ,                    219                  ,                    775                  ,2010
Vikings,                    31                  ,                    912                  ,                    235                  ,                    696                  ,2010
Texans,                    30                  ,                    988                  ,                    271                  ,                    645                  ,2010
Colts,                    30                  ,                    1022                  ,                    262                  ,                    664                  ,2010
Browns,                    29                  ,                    1030                  ,                    257                  ,                    690                  ,2010
Redskins,                    29                  ,                    1065                  ,                    355                  ,                    661                  ,2010
Ravens,                    27                  ,                    950                  ,                    235                  ,                    615                  ,2010
Bills,                    27                  ,                    1179                  ,                    388                  ,                    612                  ,2010
Bengals,                    27                  ,                    926                  ,                    294                  ,                    640                  ,2010
Jaguars,                    26                  ,                    866                  ,                    184                  ,                    680                  ,2010
Buccaneers,                    26                  ,                    903                  ,                    179                  ,                    697                  ,2010
Broncos,                    23                  ,                    937                  ,                    157                  ,                    784                  ,2010
Vikings,                    50                  ,                    982                  ,                    294                  ,                    757                  ,2011
Eagles,                    50                  ,                    836                  ,                    167                  ,                    731                  ,2011
Ravens,                    48                  ,                    919                  ,                    246                  ,                    646                  ,2011
Giants,                    48                  ,                    995                  ,                    237                  ,                    693                  ,2011
Bengals,                    45                  ,                    933                  ,                    314                  ,                    685                  ,2011
Texans,                    44                  ,                    815                  ,                    192                  ,                    633                  ,2011
Cowboys,                    42                  ,                    869                  ,                    206                  ,                    685                  ,2011
Cardinals,                    42                  ,                    947                  ,                    190                  ,                    826                  ,2011
Niners,                    42                  ,                    826                  ,                    160                  ,                    684                  ,2011
Broncos,                    41                  ,                    952                  ,                    205                  ,                    794                  ,2011
Lions,                    41                  ,                    916                  ,                    215                  ,                    766                  ,2011
Dolphins,                    41                  ,                    876                  ,                    163                  ,                    779                  ,2011
Redskins,                    41                  ,                    986                  ,                    355                  ,                    618                  ,2011
Patriots,                    40                  ,                    1009                  ,                    351                  ,                    662                  ,2011
Rams,                    39                  ,                    933                  ,                    189                  ,                    788                  ,2011
Raiders,                    39                  ,                    880                  ,                    191                  ,                    722                  ,2011
Jets,                    35                  ,                    849                  ,                    198                  ,                    718                  ,2011
Steelers,                    35                  ,                    875                  ,                    247                  ,                    612                  ,2011
Falcons,                    33                  ,                    855                  ,                    260                  ,                    659                  ,2011
Bears,                    33                  ,                    865                  ,                    178                  ,                    775                  ,2011
Saints,                    33                  ,                    846                  ,                    239                  ,                    655                  ,2011
Seahawks,                    33                  ,                    962                  ,                    258                  ,                    742                  ,2011
Browns,                    32                  ,                    958                  ,                    262                  ,                    734                  ,2011
Chargers,                    32                  ,                    921                  ,                    216                  ,                    653                  ,2011
Panthers,                    31                  ,                    908                  ,                    247                  ,                    688                  ,2011
Jaguars,                    31                  ,                    923                  ,                    285                  ,                    687                  ,2011
Bills,                    29                  ,                    986                  ,                    288                  ,                    672                  ,2011
Packers,                    29                  ,                    922                  ,                    229                  ,                    691                  ,2011
Colts,                    29                  ,                    1143                  ,                    475                  ,                    695                  ,2011
Chiefs,                    29                  ,                    895                  ,                    232                  ,                    714                  ,2011
Titans,                    28                  ,                    955                  ,                    219                  ,                    782                  ,2011
Buccaneers,                    23                  ,                    886                  ,                    162                  ,                    741                  ,2011
Broncos,                    52                  ,                    896                  ,                    246                  ,                    705                  ,2012
Rams,                    52                  ,                    929                  ,                    173                  ,                    811                  ,2012
Bengals,                    51                  ,                    1003                  ,                    361                  ,                    681                  ,2012
Packers,                    47                  ,                    921                  ,                    273                  ,                    642                  ,2012
Texans,                    44                  ,                    830                  ,                    202                  ,                    700                  ,2012
Vikings,                    44                  ,                    978                  ,                    270                  ,                    763                  ,2012
Dolphins,                    42                  ,                    929                  ,                    209                  ,                    768                  ,2012
Bears,                    41                  ,                    867                  ,                    204                  ,                    717                  ,2012
Panthers,                    39                  ,                    978                  ,                    339                  ,                    700                  ,2012
Titans,                    39                  ,                    1042                  ,                    310                  ,                    750                  ,2012
Browns,                    38                  ,                    1010                  ,                    292                  ,                    747                  ,2012
Cardinals,                    38                  ,                    901                  ,                    190                  ,                    767                  ,2012
Chargers,                    38                  ,                    950                  ,                    243                  ,                    658                  ,2012
Niners,                    38                  ,                    899                  ,                    215                  ,                    708                  ,2012
Ravens,                    37                  ,                    1048                  ,                    292                  ,                    705                  ,2012
Patriots,                    37                  ,                    945                  ,                    295                  ,                    719                  ,2012
Steelers,                    37                  ,                    884                  ,                    257                  ,                    610                  ,2012
Bills,                    36                  ,                    963                  ,                    271                  ,                    683                  ,2012
Seahawks,                    36                  ,                    875                  ,                    273                  ,                    629                  ,2012
Cowboys,                    34                  ,                    945                  ,                    318                  ,                    663                  ,2012
Lions,                    34                  ,                    902                  ,                    229                  ,                    734                  ,2012
Giants,                    33                  ,                    1012                  ,                    279                  ,                    666                  ,2012
Colts,                    32                  ,                    891                  ,                    256                  ,                    713                  ,2012
Redskins,                    32                  ,                    973                  ,                    345                  ,                    619                  ,2012
Saints,                    30                  ,                    977                  ,                    317                  ,                    725                  ,2012
Jets,                    30                  ,                    898                  ,                    260                  ,                    723                  ,2012
Eagles,                    30                  ,                    875                  ,                    178                  ,                    751                  ,2012
Falcons,                    29                  ,                    853                  ,                    187                  ,                    730                  ,2012
Chiefs,                    27                  ,                    841                  ,                    142                  ,                    749                  ,2012
Buccaneers,                    27                  ,                    908                  ,                    190                  ,                    719                  ,2012
Raiders,                    25                  ,                    932                  ,                    249                  ,                    706                  ,2012
Jaguars,                    20                  ,                    981                  ,                    188                  ,                    850                  ,2012
Panthers,                    60                  ,                    926                  ,                    281                  ,                    677                  ,2013
Bills,                    57                  ,                    1060                  ,                    344                  ,                    637                  ,2013
Rams,                    53                  ,                    912                  ,                    167                  ,                    782                  ,2013
Saints,                    49                  ,                    858                  ,                    280                  ,                    634                  ,2013
Patriots,                    48                  ,                    1039                  ,                    393                  ,                    681                  ,2013
Chiefs,                    47                  ,                    849                  ,                    122                  ,                    789                  ,2013
Cardinals,                    47                  ,                    821                  ,                    109                  ,                    797                  ,2013
Packers,                    44                  ,                    943                  ,                    277                  ,                    676                  ,2013
Seahawks,                    44                  ,                    944                  ,                    324                  ,                    638                  ,2013
Bengals,                    43                  ,                    941                  ,                    306                  ,                    677                  ,2013
Colts,                    42                  ,                    940                  ,                    279                  ,                    701                  ,2013
Dolphins,                    42                  ,                    987                  ,                    234                  ,                    795                  ,2013
Broncos,                    41                  ,                    915                  ,                    226                  ,                    717                  ,2013
Vikings,                    41                  ,                    1045                  ,                    329                  ,                    763                  ,2013
Jets,                    41                  ,                    968                  ,                    334                  ,                    680                  ,2013
Ravens,                    40                  ,                    970                  ,                    360                  ,                    669                  ,2013
Browns,                    40                  ,                    1015                  ,                    361                  ,                    718                  ,2013
Raiders,                    38                  ,                    959                  ,                    214                  ,                    751                  ,2013
Niners,                    38                  ,                    880                  ,                    170                  ,                    718                  ,2013
Eagles,                    37                  ,                    976                  ,                    202                  ,                    815                  ,2013
Titans,                    36                  ,                    900                  ,                    198                  ,                    770                  ,2013
Redskins,                    36                  ,                    973                  ,                    325                  ,                    650                  ,2013
Chargers,                    35                  ,                    899                  ,                    193                  ,                    684                  ,2013
Buccaneers,                    35                  ,                    957                  ,                    252                  ,                    688                  ,2013
Cowboys,                    34                  ,                    980                  ,                    243                  ,                    758                  ,2013
Giants,                    34                  ,                    1031                  ,                    259                  ,                    703                  ,2013
Steelers,                    34                  ,                    945                  ,                    276                  ,                    675                  ,2013
Lions,                    33                  ,                    835                  ,                    214                  ,                    684                  ,2013
Falcons,                    32                  ,                    960                  ,                    305                  ,                    680                  ,2013
Texans,                    32                  ,                    874                  ,                    208                  ,                    702                  ,2013
Bears,                    31                  ,                    907                  ,                    213                  ,                    741                  ,2013
Jaguars,                    31                  ,                    951                  ,                    204                  ,                    824                  ,2013
Bills,                    54                  ,                    990                  ,                    281                  ,                    648                  ,2014
Ravens,                    49                  ,                    987                  ,                    361                  ,                    668                  ,2014
Eagles,                    49                  ,                    944                  ,                    192                  ,                    824                  ,2014
Giants,                    47                  ,                    978                  ,                    256                  ,                    651                  ,2014
Chiefs,                    46                  ,                    872                  ,                    147                  ,                    778                  ,2014
Jaguars,                    45                  ,                    1034                  ,                    309                  ,                    781                  ,2014
Jets,                    45                  ,                    961                  ,                    316                  ,                    602                  ,2014
Lions,                    42                  ,                    854                  ,                    194                  ,                    706                  ,2014
Broncos,                    41                  ,                    875                  ,                    182                  ,                    718                  ,2014
Packers,                    41                  ,                    957                  ,                    257                  ,                    699                  ,2014
Colts,                    41                  ,                    893                  ,                    253                  ,                    684                  ,2014
Vikings,                    41                  ,                    950                  ,                    252                  ,                    750                  ,2014
Panthers,                    40                  ,                    929                  ,                    307                  ,                    668                  ,2014
Rams,                    40                  ,                    931                  ,                    166                  ,                    755                  ,2014
Patriots,                    40                  ,                    957                  ,                    302                  ,                    670                  ,2014
Bears,                    39                  ,                    934                  ,                    275                  ,                    719                  ,2014
Titans,                    39                  ,                    998                  ,                    273                  ,                    803                  ,2014
Dolphins,                    39                  ,                    910                  ,                    193                  ,                    769                  ,2014
Texans,                    38                  ,                    974                  ,                    292                  ,                    688                  ,2014
Seahawks,                    37                  ,                    853                  ,                    249                  ,                    630                  ,2014
Niners,                    36                  ,                    844                  ,                    170                  ,                    704                  ,2014
Buccaneers,                    36                  ,                    1057                  ,                    288                  ,                    743                  ,2014
Redskins,                    36                  ,                    937                  ,                    265                  ,                    674                  ,2014
Cardinals,                    35                  ,                    865                  ,                    152                  ,                    745                  ,2014
Saints,                    34                  ,                    915                  ,                    253                  ,                    726                  ,2014
Steelers,                    33                  ,                    887                  ,                    276                  ,                    629                  ,2014
Browns,                    31                  ,                    1049                  ,                    398                  ,                    700                  ,2014
Cowboys,                    28                  ,                    901                  ,                    232                  ,                    693                  ,2014
Chargers,                    26                  ,                    952                  ,                    241                  ,                    662                  ,2014
Falcons,                    22                  ,                    973                  ,                    322                  ,                    683                  ,2014
Raiders,                    22                  ,                    948                  ,                    226                  ,                    752                  ,2014
Bengals,                    20                  ,                    990                  ,                    387                  ,                    673                  ,2014
Broncos,                    52                  ,                    897                  ,                    206                  ,                    746                  ,2015
Patriots,                    49                  ,                    962                  ,                    291                  ,                    674                  ,2015
Steelers,                    48                  ,                    969                  ,                    268                  ,                    719                  ,2015
Chiefs,                    47                  ,                    846                  ,                    157                  ,                    736                  ,2015
Texans,                    45                  ,                    891                  ,                    270                  ,                    654                  ,2015
Panthers,                    44                  ,                    950                  ,                    319                  ,                    671                  ,2015
Lions,                    43                  ,                    912                  ,                    204                  ,                    763                  ,2015
Packers,                    43                  ,                    880                  ,                    212                  ,                    719                  ,2015
Vikings,                    43                  ,                    921                  ,                    179                  ,                    727                  ,2015
Bengals,                    42                  ,                    922                  ,                    265                  ,                    705                  ,2015
Rams,                    41                  ,                    1039                  ,                    315                  ,                    778                  ,2015
Titans,                    39                  ,                    920                  ,                    275                  ,                    723                  ,2015
Jets,                    39                  ,                    903                  ,                    298                  ,                    649                  ,2015
Raiders,                    38                  ,                    927                  ,                    186                  ,                    779                  ,2015
Buccaneers,                    38                  ,                    1061                  ,                    326                  ,                    705                  ,2015
Redskins,                    38                  ,                    976                  ,                    353                  ,                    616                  ,2015
Ravens,                    37                  ,                    917                  ,                    286                  ,                    675                  ,2015
Eagles,                    37                  ,                    1015                  ,                    255                  ,                    818                  ,2015
Seahawks,                    37                  ,                    878                  ,                    314                  ,                    623                  ,2015
Jaguars,                    36                  ,                    980                  ,                    235                  ,                    805                  ,2015
Cardinals,                    36                  ,                    811                  ,                    141                  ,                    729                  ,2015
Bears,                    35                  ,                    850                  ,                    165                  ,                    726                  ,2015
Colts,                    35                  ,                    975                  ,                    315                  ,                    695                  ,2015
Chargers,                    32                  ,                    892                  ,                    197                  ,                    672                  ,2015
Cowboys,                    31                  ,                    984                  ,                    310                  ,                    655                  ,2015
Dolphins,                    31                  ,                    987                  ,                    250                  ,                    777                  ,2015
Saints,                    31                  ,                    929                  ,                    284                  ,                    689                  ,2015
Browns,                    29                  ,                    924                  ,                    296                  ,                    706                  ,2015
Niners,                    28                  ,                    1036                  ,                    237                  ,                    773                  ,2015
Giants,                    23                  ,                    1094                  ,                    300                  ,                    680                  ,2015
Bills,                    21                  ,                    885                  ,                    232                  ,                    645                  ,2015
Falcons,                    19                  ,                    910                  ,                    231                  ,                    703                  ,2015
Cardinals,                    48                  ,                    891                  ,                    186                  ,                    758                  ,2016
Panthers,                    47                  ,                    970                  ,                    316                  ,                    707                  ,2016
Broncos,                    42                  ,                    951                  ,                    248                  ,                    742                  ,2016
Seahawks,                    42                  ,                    1009                  ,                    424                  ,                    625                  ,2016
Vikings,                    41                  ,                    904                  ,                    304                  ,                    663                  ,2016
Packers,                    40                  ,                    875                  ,                    200                  ,                    683                  ,2016
Titans,                    40                  ,                    862                  ,                    201                  ,                    691                  ,2016
Bills,                    39                  ,                    997                  ,                    315                  ,                    636                  ,2016
Steelers,                    38                  ,                    938                  ,                    261                  ,                    637                  ,2016
Buccaneers,                    38                  ,                    908                  ,                    182                  ,                    717                  ,2016
Redskins,                    38                  ,                    1004                  ,                    294                  ,                    682                  ,2016
Bears,                    37                  ,                    916                  ,                    200                  ,                    740                  ,2016
Cowboys,                    36                  ,                    945                  ,                    283                  ,                    664                  ,2016
Giants,                    35                  ,                    1013                  ,                    286                  ,                    622                  ,2016
Chargers,                    35                  ,                    917                  ,                    209                  ,                    699                  ,2016
Falcons,                    34                  ,                    945                  ,                    275                  ,                    685                  ,2016
Patriots,                    34                  ,                    927                  ,                    338                  ,                    632                  ,2016
Eagles,                    34                  ,                    858                  ,                    234                  ,                    667                  ,2016
Bengals,                    33                  ,                    966                  ,                    321                  ,                    681                  ,2016
Colts,                    33                  ,                    906                  ,                    231                  ,                    727                  ,2016
Jaguars,                    33                  ,                    891                  ,                    173                  ,                    756                  ,2016
Dolphins,                    33                  ,                    1033                  ,                    364                  ,                    697                  ,2016
49ers,                    33                  ,                    1018                  ,                    254                  ,                    779                  ,2016
Ravens,                    31                  ,                    910                  ,                    297                  ,                    662                  ,2016
Texans,                    31                  ,                    870                  ,                    271                  ,                    660                  ,2016
Rams,                    31                  ,                    915                  ,                    215                  ,                    744                  ,2016
Saints,                    30                  ,                    907                  ,                    244                  ,                    690                  ,2016
Chiefs,                    28                  ,                    884                  ,                    170                  ,                    758                  ,2016
Jets,                    27                  ,                    926                  ,                    296                  ,                    684                  ,2016
Browns,                    26                  ,                    990                  ,                    317                  ,                    729                  ,2016
Lions,                    26                  ,                    908                  ,                    217                  ,                    705                  ,2016
Raiders,                    25                  ,                    851                  ,                    186                  ,                    695                  ,2016
Steelers,                    56                  ,                    839                  ,                    202                  ,                    646                  ,2017
Jaguars,                    55                  ,                    853                  ,                    185                  ,                    734                  ,2017
Panthers,                    50                  ,                    882                  ,                    298                  ,                    615                  ,2017
Rams,                    48                  ,                    899                  ,                    219                  ,                    679                  ,2017
Titans,                    43                  ,                    933                  ,                    283                  ,                    703                  ,2017
Chargers,                    43                  ,                    989                  ,                    261                  ,                    652                  ,2017
Bears,                    42                  ,                    901                  ,                    208                  ,                    761                  ,2017
Patriots,                    42                  ,                    922                  ,                    205                  ,                    700                  ,2017
Saints,                    42                  ,                    885                  ,                    247                  ,                    690                  ,2017
Redskins,                    42                  ,                    989                  ,                    309                  ,                    663                  ,2017
Ravens,                    41                  ,                    889                  ,                    202                  ,                    748                  ,2017
Bengals,                    41                  ,                    1003                  ,                    321                  ,                    752                  ,2017
Falcons,                    39                  ,                    934                  ,                    283                  ,                    680                  ,2017
Seahawks,                    39                  ,                    954                  ,                    302                  ,                    707                  ,2017
Cowboys,                    38                  ,                    946                  ,                    275                  ,                    686                  ,2017
Eagles,                    38                  ,                    835                  ,                    208                  ,                    663                  ,2017
Packers,                    37                  ,                    994                  ,                    290                  ,                    699                  ,2017
Vikings,                    37                  ,                    847                  ,                    264                  ,                    630                  ,2017
Cardinals,                    37                  ,                    864                  ,                    179                  ,                    753                  ,2017
Lions,                    35                  ,                    932                  ,                    231                  ,                    740                  ,2017
Browns,                    34                  ,                    998                  ,                    322                  ,                    743                  ,2017
Broncos,                    33                  ,                    853                  ,                    228                  ,                    659                  ,2017
Texans,                    32                  ,                    925                  ,                    280                  ,                    668                  ,2017
Chiefs,                    31                  ,                    895                  ,                    213                  ,                    685                  ,2017
Raiders,                    31                  ,                    979                  ,                    274                  ,                    666                  ,2017
Dolphins,                    30                  ,                    911                  ,                    251                  ,                    688                  ,2017
49ers,                    30                  ,                    984                  ,                    232                  ,                    740                  ,2017
Jets,                    28                  ,                    925                  ,                    259                  ,                    711                  ,2017
Bills,                    27                  ,                    1049                  ,                    321                  ,                    689                  ,2017
Giants,                    27                  ,                    1044                  ,                    299                  ,                    633                  ,2017
Colts,                    25                  ,                    972                  ,                    330                  ,                    670                  ,2017
Buccaneers,                    22                  ,                    951                  ,                    224                  ,                    734                  ,2017
Chiefs,                    52                  ,                    1005                  ,                    291                  ,                    743                  ,2018
Steelers,                    52                  ,                    924                  ,                    270                  ,                    643                  ,2018
Bears,                    50                  ,                    872                  ,                    193                  ,                    677                  ,2018
Vikings,                    50                  ,                    932                  ,                    267                  ,                    684                  ,2018
Saints,                    49                  ,                    896                  ,                    245                  ,                    668                  ,2018
Cardinals,                    49                  ,                    1006                  ,                    240                  ,                    799                  ,2018
Redskins,                    46                  ,                    977                  ,                    292                  ,                    643                  ,2018
Broncos,                    44                  ,                    958                  ,                    283                  ,                    698                  ,2018
Packers,                    44                  ,                    951                  ,                    263                  ,                    684                  ,2018
Eagles,                    44                  ,                    894                  ,                    205                  ,                    692                  ,2018
Ravens,                    43                  ,                    831                  ,                    221                  ,                    652                  ,2018
Lions,                    43                  ,                    851                  ,                    194                  ,                    686                  ,2018
Texans,                    43                  ,                    931                  ,                    252                  ,                    702                  ,2018
Seahawks,                    43                  ,                    871                  ,                    231                  ,                    662                  ,2018
Rams,                    41                  ,                    908                  ,                    265                  ,                    609                  ,2018
Cowboys,                    39                  ,                    936                  ,                    278                  ,                    668                  ,2018
Titans,                    39                  ,                    979                  ,                    300                  ,                    634                  ,2018
Jets,                    39                  ,                    941                  ,                    242                  ,                    754                  ,2018
Colts,                    38                  ,                    1017                  ,                    306                  ,                    648                  ,2018
Chargers,                    38                  ,                    924                  ,                    286                  ,                    652                  ,2018
Buccaneers,                    38                  ,                    930                  ,                    190                  ,                    754                  ,2018
Falcons,                    37                  ,                    970                  ,                    299                  ,                    689                  ,2018
Browns,                    37                  ,                    1015                  ,                    297                  ,                    756                  ,2018
Jaguars,                    37                  ,                    860                  ,                    178                  ,                    719                  ,2018
49ers,                    37                  ,                    944                  ,                    234                  ,                    691                  ,2018
Bills,                    36                  ,                    938                  ,                    272                  ,                    659                  ,2018
Panthers,                    35                  ,                    900                  ,                    287                  ,                    610                  ,2018
Bengals,                    34                  ,                    1008                  ,                    303                  ,                    736                  ,2018
Dolphins,                    31                  ,                    998                  ,                    319                  ,                    674                  ,2018
Patriots,                    30                  ,                    902                  ,                    317                  ,                    625                  ,2018
Giants,                    30                  ,                    1009                  ,                    291                  ,                    639                  ,2018
Raiders,                    13                  ,                    900                  ,                    245                  ,                    651                  ,2018
Steelers,                    54                  ,                    1015                  ,                    313                  ,                    670                  ,2019
Panthers,                    53                  ,                    959                  ,                    302                  ,                    700                  ,2019
Saints,                    51                  ,                    858                  ,                    226                  ,                    648                  ,2019
Rams,                    50                  ,                    1030                  ,                    364                  ,                    639                  ,2019
Vikings,                    48                  ,                    978                  ,                    281                  ,                    718                  ,2019
49ers,                    48                  ,                    894                  ,                    259                  ,                    664                  ,2019
Jaguars,                    47                  ,                    922                  ,                    275                  ,                    679                  ,2019
Patriots,                    47                  ,                    884                  ,                    259                  ,                    570                  ,2019
Buccaneers,                    47                  ,                    914                  ,                    246                  ,                    705                  ,2019
Redskins,                    46                  ,                    1058                  ,                    330                  ,                    743                  ,2019
Chiefs,                    45                  ,                    950                  ,                    300                  ,                    675                  ,2019
Bills,                    44                  ,                    957                  ,                    292                  ,                    614                  ,2019
Titans,                    43                  ,                    1027                  ,                    345                  ,                    649                  ,2019
Eagles,                    43                  ,                    840                  ,                    240                  ,                    647                  ,2019
Packers,                    41                  ,                    911                  ,                    283                  ,                    640                  ,2019
Colts,                    41                  ,                    981                  ,                    274                  ,                    650                  ,2019
Broncos,                    40                  ,                    982                  ,                    337                  ,                    643                  ,2019
Cardinals,                    40                  ,                    1051                  ,                    314                  ,                    746                  ,2019
Cowboys,                    39                  ,                    958                  ,                    323                  ,                    668                  ,2019
Browns,                    38                  ,                    925                  ,                    255                  ,                    711                  ,2019
Ravens,                    37                  ,                    811                  ,                    240                  ,                    598                  ,2019
Giants,                    36                  ,                    1047                  ,                    361                  ,                    671                  ,2019
Jets,                    35                  ,                    932                  ,                    285                  ,                    705                  ,2019
Bears,                    32                  ,                    893                  ,                    217                  ,                    734                  ,2019
Raiders,                    32                  ,                    869                  ,                    219                  ,                    653                  ,2019
Bengals,                    31                  ,                    996                  ,                    353                  ,                    668                  ,2019
Texans,                    31                  ,                    944                  ,                    295                  ,                    656                  ,2019
Chargers,                    30                  ,                    918                  ,                    278                  ,                    670                  ,2019
Falcons,                    28                  ,                    976                  ,                    375                  ,                    612                  ,2019
Lions,                    28                  ,                    981                  ,                    269                  ,                    749                  ,2019
Seahawks,                    28                  ,                    975                  ,                    372                  ,                    609                  ,2019
Dolphins,                    23                  ,                    1025                  ,                    393                  ,                    643                  ,2019
Steelers,                    56                  ,                    890                  ,                    244                  ,                    652                  ,2020
Rams,                    53                  ,                    946                  ,                    325                  ,                    636                  ,2020
Eagles,                    49                  ,                    1023                  ,                    310                  ,                    749                  ,2020
Cardinals,                    48                  ,                    967                  ,                    257                  ,                    724                  ,2020
Buccaneers,                    48                  ,                    957                  ,                    289                  ,                    682                  ,2020
FootballTeam,                    47                  ,                    949                  ,                    328                  ,                    659                  ,2020
Seahawks,                    46                  ,                    1014                  ,                    304                  ,                    754                  ,2020
Saints,                    45                  ,                    873                  ,                    273                  ,                    638                  ,2020
Broncos,                    42                  ,                    970                  ,                    292                  ,                    728                  ,2020
Packers,                    41                  ,                    921                  ,                    293                  ,                    633                  ,2020
Dolphins,                    41                  ,                    950                  ,                    322                  ,                    627                  ,2020
Colts,                    40                  ,                    923                  ,                    232                  ,                    668                  ,2020
Giants,                    40                  ,                    1039                  ,                    369                  ,                    678                  ,2020
Ravens,                    39                  ,                    951                  ,                    320                  ,                    645                  ,2020
Bills,                    38                  ,                    962                  ,                    276                  ,                    653                  ,2020
Browns,                    38                  ,                    956                  ,                    310                  ,                    673                  ,2020
Bears,                    35                  ,                    958                  ,                    313                  ,                    698                  ,2020
Texans,                    34                  ,                    1064                  ,                    346                  ,                    698                  ,2020
Chiefs,                    32                  ,                    919                  ,                    281                  ,                    670                  ,2020
Cowboys,                    31                  ,                    1006                  ,                    364                  ,                    678                  ,2020
Jets,                    31                  ,                    1058                  ,                    352                  ,                    707                  ,2020
49ers,                    30                  ,                    932                  ,                    290                  ,                    675                  ,2020
Falcons,                    29                  ,                    958                  ,                    308                  ,                    694                  ,2020
Panthers,                    29                  ,                    993                  ,                    391                  ,                    619                  ,2020
Chargers,                    27                  ,                    920                  ,                    304                  ,                    643                  ,2020
Lions,                    24                  ,                    1026                  ,                    329                  ,                    718                  ,2020
Patriots,                    24                  ,                    1001                  ,                    321                  ,                    606                  ,2020
Vikings,                    23                  ,                    1023                  ,                    389                  ,                    665                  ,2020
Raiders,                    21                  ,                    936                  ,                    274                  ,                    675                  ,2020
Titans,                    19                  ,                    1018                  ,                    316                  ,                    669                  ,2020
Jaguars,                    18                  ,                    1037                  ,                    333                  ,                    729                  ,2020
Bengals,                    17                  ,                    972                  ,                    367                  ,                    635                  ,2020
Steelers,                    55                  ,                    1111                  ,                    369                  ,                    708                  ,2021
Vikings,                    51                  ,                    1148                  ,                    424                  ,                    676                  ,2021
Rams,                    50                  ,                    1153                  ,                    432                  ,                    657                  ,2021
Bears,                    49                  ,                    1014                  ,                    353                  ,                    672                  ,2021
Dolphins,                    48                  ,                    1053                  ,                    380                  ,                    627                  ,2021
49ers,                    48                  ,                    1053                  ,                    381                  ,                    680                  ,2021
Buccaneers,                    47                  ,                    998                  ,                    292                  ,                    701                  ,2021
Saints,                    46                  ,                    1013                  ,                    346                  ,                    689                  ,2021
Browns,                    43                  ,                    1036                  ,                    356                  ,                    650                  ,2021
Titans,                    43                  ,                    977                  ,                    312                  ,                    633                  ,2021
Bills,                    42                  ,                    954                  ,                    293                  ,                    614                  ,2021
Bengals,                    42                  ,                    1064                  ,                    381                  ,                    676                  ,2021
Cowboys,                    41                  ,                    991                  ,                    317                  ,                    664                  ,2021
Cardinals,                    41                  ,                    998                  ,                    329                  ,                    644                  ,2021
Panthers,                    39                  ,                    1032                  ,                    372                  ,                    664                  ,2021
Packers,                    39                  ,                    946                  ,                    275                  ,                    671                  ,2021
FootballTeam,                    38                  ,                    1055                  ,                    393                  ,                    649                  ,2021
Broncos,                    36                  ,                    999                  ,                    362                  ,                    617                  ,2021
Patriots,                    36                  ,                    1036                  ,                    360                  ,                    612                  ,2021
Raiders,                    35                  ,                    1096                  ,                    412                  ,                    662                  ,2021
Chargers,                    35                  ,                    1105                  ,                    395                  ,                    677                  ,2021
Ravens,                    34                  ,                    968                  ,                    334                  ,                    637                  ,2021
Giants,                    34                  ,                    1181                  ,                    492                  ,                    662                  ,2021
Seahawks,                    34                  ,                    1261                  ,                    472                  ,                    709                  ,2021
Colts,                    33                  ,                    1020                  ,                    308                  ,                    662                  ,2021
Jets,                    33                  ,                    1168                  ,                    413                  ,                    705                  ,2021
Texans,                    32                  ,                    1132                  ,                    410                  ,                    691                  ,2021
Jaguars,                    32                  ,                    1095                  ,                    400                  ,                    692                  ,2021
Chiefs,                    31                  ,                    1016                  ,                    351                  ,                    674                  ,2021
Lions,                    30                  ,                    1103                  ,                    401                  ,                    687                  ,2021
Eagles,                    29                  ,                    1122                  ,                    477                  ,                    641                  ,2021
Falcons,                    18                  ,                    1149                  ,                    446                  ,                    678                  ,2021
Eagles,                    70                  ,                    1043                  ,                    345                  ,                    682                  ,2022
Chiefs,                    55                  ,                    1082                  ,                    404                  ,                    651                  ,2022
Cowboys,                    54                  ,                    1072                  ,                    344                  ,                    724                  ,2022
Patriots,                    54                  ,                    1095                  ,                    414                  ,                    635                  ,2022
Ravens,                    48                  ,                    1037                  ,                    337                  ,                    663                  ,2022
Saints,                    48                  ,                    1064                  ,                    376                  ,                    659                  ,2022
Jets,                    45                  ,                    1111                  ,                    395                  ,                    667                  ,2022
Seahawks,                    45                  ,                    1104                  ,                    355                  ,                    720                  ,2022
Buccaneers,                    45                  ,                    1054                  ,                    365                  ,                    675                  ,2022
Colts,                    44                  ,                    1110                  ,                    369                  ,                    711                  ,2022
49ers,                    44                  ,                    1017                  ,                    355                  ,                    632                  ,2022
Commanders,                    43                  ,                    969                  ,                    354                  ,                    591                  ,2022
Giants,                    41                  ,                    1081                  ,                    393                  ,                    633                  ,2022
Bills,                    40                  ,                    965                  ,                    297                  ,                    628                  ,2022
Dolphins,                    40                  ,                    1080                  ,                    365                  ,                    661                  ,2022
Steelers,                    40                  ,                    1035                  ,                    404                  ,                    599                  ,2022
Chargers,                    40                  ,                    995                  ,                    345                  ,                    584                  ,2022
Lions,                    39                  ,                    1045                  ,                    331                  ,                    654                  ,2022
Titans,                    39                  ,                    1065                  ,                    344                  ,                    688                  ,2022
Texans,                    39                  ,                    1173                  ,                    381                  ,                    729                  ,2022
Rams,                    38                  ,                    1091                  ,                    408                  ,                    643                  ,2022
Vikings,                    38                  ,                    1097                  ,                    341                  ,                    719                  ,2022
Broncos,                    36                  ,                    1103                  ,                    419                  ,                    646                  ,2022
Cardinals,                    36                  ,                    1100                  ,                    383                  ,                    663                  ,2022
Panthers,                    35                  ,                    1104                  ,                    404                  ,                    687                  ,2022
Jaguars,                    35                  ,                    1099                  ,                    391                  ,                    673                  ,2022
Browns,                    34                  ,                    1028                  ,                    367                  ,                    620                  ,2022
Packers,                    34                  ,                    1016                  ,                    349                  ,                    642                  ,2022
Bengals,                    30                  ,                    962                  ,                    362                  ,                    570                  ,2022
Raiders,                    27                  ,                    1083                  ,                    391                  ,                    650                  ,2022
Falcons,                    21                  ,                    1151                  ,                    494                  ,                    605                  ,2022
Bears,                    20                  ,                    1070                  ,                    355                  ,                    666                  ,2022
Ravens,                    60                  ,                    1074                  ,                    357                  ,                    664                  ,2023
Chiefs,                    57                  ,                    992                  ,                    300                  ,                    661                  ,2023
Dolphins,                    56                  ,                    1069                  ,                    361                  ,                    632                  ,2023
Bills,                    54                  ,                    1014                  ,                    321                  ,                    642                  ,2023
Colts,                    51                  ,                    1160                  ,                    388                  ,                    706                  ,2023
Browns,                    49                  ,                    924                  ,                    266                  ,                    649                  ,2023
Jets,                    48                  ,                    1101                  ,                    392                  ,                    666                  ,2023
Chargers,                    48                  ,                    1084                  ,                    326                  ,                    690                  ,2023
49ers,                    48                  ,                    1018                  ,                    334                  ,                    636                  ,2023
Buccaneers,                    48                  ,                    1087                  ,                    379                  ,                    664                  ,2023
Steelers,                    47                  ,                    1046                  ,                    335                  ,                    649                  ,2023
Seahawks,                    47                  ,                    1182                  ,                    436                  ,                    689                  ,2023
Cowboys,                    46                  ,                    1022                  ,                    371                  ,                    583                  ,2023
Texans,                    46                  ,                    1141                  ,                    421                  ,                    640                  ,2023
Raiders,                    46                  ,                    1127                  ,                    407                  ,                    681                  ,2023
Packers,                    45                  ,                    1096                  ,                    395                  ,                    658                  ,2023
Titans,                    45                  ,                    1157                  ,                    404                  ,                    674                  ,2023
Bengals,                    44                  ,                    1078                  ,                    395                  ,                    619                  ,2023
Vikings,                    43                  ,                    1158                  ,                    421                  ,                    681                  ,2023
Eagles,                    43                  ,                    1041                  ,                    345                  ,                    690                  ,2023
Falcons,                    42                  ,                    1123                  ,                    422                  ,                    645                  ,2023
Broncos,                    42                  ,                    1103                  ,                    380                  ,                    649                  ,2023
Lions,                    41                  ,                    976                  ,                    314                  ,                    631                  ,2023
Rams,                    41                  ,                    1063                  ,                    407                  ,                    586                  ,2023
Jaguars,                    40                  ,                    1060                  ,                    366                  ,                    647                  ,2023
Commanders,                    39                  ,                    1116                  ,                    402                  ,                    659                  ,2023
Patriots,                    36                  ,                    1118                  ,                    403                  ,                    679                  ,2023
Saints,                    34                  ,                    1037                  ,                    394                  ,                    592                  ,2023
Giants,                    34                  ,                    1060                  ,                    364                  ,                    677                  ,2023
Cardinals,                    33                  ,                    1105                  ,                    391                  ,                    633                  ,2023
Bears,                    30                  ,                    1022                  ,                    353                  ,                    615                  ,2023
Panthers,                    27                  ,                    1061                  ,                    414                  ,                    597                  ,2023
Broncos,                    63                  ,                    1105                  ,                    426                  ,                    648                  ,2024
Ravens,                    54                  ,                    1029                  ,                    399                  ,                    618                  ,2024
Cowboys,                    52                  ,                    1068                  ,                    410                  ,                    690                  ,2024
Texans,                    49                  ,                    989                  ,                    349                  ,                    640                  ,2024
Vikings,                    49                  ,                    1074                  ,                    415                  ,                    625                  ,2024
Chargers,                    46                  ,                    1030                  ,                    380                  ,                    642                  ,2024
Buccaneers,                    46                  ,                    1030                  ,                    364                  ,                    648                  ,2024
Packers,                    45                  ,                    1059                  ,                    408                  ,                    646                  ,2024
Giants,                    45                  ,                    1152                  ,                    502                  ,                    610                  ,2024
Seahawks,                    45                  ,                    1095                  ,                    434                  ,                    656                  ,2024
Jets,                    43                  ,                    1070                  ,                    383                  ,                    665                  ,2024
Commanders,                    43                  ,                    1038                  ,                    414                  ,                    639                  ,2024
Browns,                    41                  ,                    1039                  ,                    373                  ,                    636                  ,2024
Eagles,                    41                  ,                    980                  ,                    373                  ,                    612                  ,2024
Cardinals,                    41                  ,                    1128                  ,                    481                  ,                    604                  ,2024
Bears,                    40                  ,                    1074                  ,                    412                  ,                    625                  ,2024
Steelers,                    40                  ,                    1038                  ,                    403                  ,                    641                  ,2024
Bills,                    39                  ,                    1085                  ,                    405                  ,                    623                  ,2024
Chiefs,                    39                  ,                    999                  ,                    353                  ,                    649                  ,2024
Saints,                    39                  ,                    1079                  ,                    389                  ,                    709                  ,2024
Rams,                    38                  ,                    1111                  ,                    474                  ,                    586                  ,2024
Raiders,                    38                  ,                    1082                  ,                    442                  ,                    620                  ,2024
Lions,                    37                  ,                    933                  ,                    317                  ,                    604                  ,2024
49ers,                    37                  ,                    1042                  ,                    400                  ,                    635                  ,2024
Bengals,                    36                  ,                    1100                  ,                    441                  ,                    634                  ,2024
Colts,                    36                  ,                    1211                  ,                    480                  ,                    665                  ,2024
Dolphins,                    35                  ,                    1003                  ,                    396                  ,                    588                  ,2024
Jaguars,                    34                  ,                    1132                  ,                    419                  ,                    697                  ,2024
Panthers,                    32                  ,                    1224                  ,                    531                  ,                    691                  ,2024
Titans,                    32                  ,                    1058                  ,                    414                  ,                    634                  ,2024
Falcons,                    31                  ,                    1092                  ,                    415                  ,                    666                  ,2024
Patriots,                    28                  ,                    1118                  ,                    463                  ,                    628                  ,2024
